<?xml version="1.0" encoding="UTF-8"?>
<project-private xmlns="http://www.netbeans.org/ns/project-private/1">
    <editor-bookmarks xmlns="http://www.netbeans.org/ns/editor-bookmarks/2" lastBookmarkId="0"/>
    <open-files xmlns="http://www.netbeans.org/ns/projectui-open-files/2">
        <group>
            <file>file:/E:/DREAMHOME/DREAMHOME/src/dreamhome/MantenedorPropiedad.java</file>
            <file>file:/E:/DREAMHOME/DREAMHOME/src/MODELO/Propiedad.java</file>
            <file>file:/E:/DREAMHOME/DREAMHOME/src/META-INF/persistence.xml</file>
            <file>file:/E:/DREAMHOME/DREAMHOME/src/CONTROLADOR/ConexionEM.java</file>
            <file>file:/E:/DREAMHOME/DREAMHOME/src/CONTROLADOR/PropiedadDB.java</file>
            <file>file:/E:/DREAMHOME/DREAMHOME/src/dreamhome/DREAMHOME.java</file>
        </group>
    </open-files>
</project-private>
